Year,m,d,Time,Time zone,Direct solar radiation (W/m2)
2021,7,15,00:00,UTC,-1.7
2021,7,15,00:01,UTC,-1.9
2021,7,15,00:02,UTC,-2
2021,7,15,00:03,UTC,-2
2021,7,15,00:04,UTC,-1.9
2021,7,15,00:05,UTC,-1.4
2021,7,15,00:06,UTC,-1.2
2021,7,15,00:07,UTC,-1
2021,7,15,00:08,UTC,-0.9
2021,7,15,00:09,UTC,-1
2021,7,15,00:10,UTC,-1.3
2021,7,15,00:11,UTC,-1.4
2021,7,15,00:12,UTC,-0.9
2021,7,15,00:13,UTC,-0.8
2021,7,15,00:14,UTC,-0.9
2021,7,15,00:15,UTC,-0.7
2021,7,15,00:16,UTC,-0.5
2021,7,15,00:17,UTC,-0.2
2021,7,15,00:18,UTC,-0.2
2021,7,15,00:19,UTC,-0.2
2021,7,15,00:20,UTC,-0.2
2021,7,15,00:21,UTC,-0.4
2021,7,15,00:22,UTC,-0.3
2021,7,15,00:23,UTC,-0.2
2021,7,15,00:24,UTC,-0.1
2021,7,15,00:25,UTC,-0.3
2021,7,15,00:26,UTC,-0.4
2021,7,15,00:27,UTC,-0.4
2021,7,15,00:28,UTC,-0.4
2021,7,15,00:29,UTC,-0.7
2021,7,15,00:30,UTC,-0.6
2021,7,15,00:31,UTC,-0.9
2021,7,15,00:32,UTC,-1.2
2021,7,15,00:33,UTC,-1.4
2021,7,15,00:34,UTC,-1.5
2021,7,15,00:35,UTC,-1.3
2021,7,15,00:36,UTC,-1.4
2021,7,15,00:37,UTC,-1.3
2021,7,15,00:38,UTC,-1.3
2021,7,15,00:39,UTC,-1.3
2021,7,15,00:40,UTC,-1.3
2021,7,15,00:41,UTC,-1.3
2021,7,15,00:42,UTC,-1.4
2021,7,15,00:43,UTC,-1.5
2021,7,15,00:44,UTC,-1.2
2021,7,15,00:45,UTC,-1.4
2021,7,15,00:46,UTC,-1.5
2021,7,15,00:47,UTC,-1.4
2021,7,15,00:48,UTC,-1.6
2021,7,15,00:49,UTC,-1.5
2021,7,15,00:50,UTC,-1.4
2021,7,15,00:51,UTC,-1.4
2021,7,15,00:52,UTC,-1.5
2021,7,15,00:53,UTC,-1.8
2021,7,15,00:54,UTC,-1.9
2021,7,15,00:55,UTC,-2.1
2021,7,15,00:56,UTC,-2.1
2021,7,15,00:57,UTC,-1.7
2021,7,15,00:58,UTC,-1.3
2021,7,15,00:59,UTC,-1.1
2021,7,15,01:00,UTC,-0.9
2021,7,15,01:01,UTC,-0.6
2021,7,15,01:02,UTC,-0.5
2021,7,15,01:03,UTC,-0.4
2021,7,15,01:04,UTC,-0.3
2021,7,15,01:05,UTC,-0.4
2021,7,15,01:06,UTC,-0.4
2021,7,15,01:07,UTC,-0.5
2021,7,15,01:08,UTC,-0.6
2021,7,15,01:09,UTC,-0.8
2021,7,15,01:10,UTC,-0.9
2021,7,15,01:11,UTC,-0.7
2021,7,15,01:12,UTC,-0.6
2021,7,15,01:13,UTC,-0.8
2021,7,15,01:14,UTC,-0.7
2021,7,15,01:15,UTC,-0.9
2021,7,15,01:16,UTC,-1
2021,7,15,01:17,UTC,-0.9
2021,7,15,01:18,UTC,-0.9
2021,7,15,01:19,UTC,-0.8
2021,7,15,01:20,UTC,-0.8
2021,7,15,01:21,UTC,-0.6
2021,7,15,01:22,UTC,-0.5
2021,7,15,01:23,UTC,-0.3
2021,7,15,01:24,UTC,-0.2
2021,7,15,01:25,UTC,0
2021,7,15,01:26,UTC,0.1
2021,7,15,01:27,UTC,0.2
2021,7,15,01:28,UTC,0.3
2021,7,15,01:29,UTC,0.6
2021,7,15,01:30,UTC,0.6
2021,7,15,01:31,UTC,0.6
2021,7,15,01:32,UTC,0.3
2021,7,15,01:33,UTC,0.1
2021,7,15,01:34,UTC,-0.1
2021,7,15,01:35,UTC,-0.1
2021,7,15,01:36,UTC,0
2021,7,15,01:37,UTC,-0.1
2021,7,15,01:38,UTC,0
2021,7,15,01:39,UTC,0.1
2021,7,15,01:40,UTC,-0.1
2021,7,15,01:41,UTC,-0.2
2021,7,15,01:42,UTC,0
2021,7,15,01:43,UTC,0.2
2021,7,15,01:44,UTC,0.3
2021,7,15,01:45,UTC,0.3
2021,7,15,01:46,UTC,0.5
2021,7,15,01:47,UTC,0.8
2021,7,15,01:48,UTC,1.1
2021,7,15,01:49,UTC,1.2
2021,7,15,01:50,UTC,1.2
2021,7,15,01:51,UTC,1.1
2021,7,15,01:52,UTC,1.2
2021,7,15,01:53,UTC,1.1
2021,7,15,01:54,UTC,1.1
2021,7,15,01:55,UTC,1.2
2021,7,15,01:56,UTC,2.4
2021,7,15,01:57,UTC,4.3
2021,7,15,01:58,UTC,6.8
2021,7,15,01:59,UTC,6.1
2021,7,15,02:00,UTC,5.4
2021,7,15,02:01,UTC,5.6
2021,7,15,02:02,UTC,5.2
2021,7,15,02:03,UTC,4.3
2021,7,15,02:04,UTC,2.5
2021,7,15,02:05,UTC,1.6
2021,7,15,02:06,UTC,2.4
2021,7,15,02:07,UTC,1.8
2021,7,15,02:08,UTC,1.7
2021,7,15,02:09,UTC,1.7
2021,7,15,02:10,UTC,4
2021,7,15,02:11,UTC,3.9
2021,7,15,02:12,UTC,6.1
2021,7,15,02:13,UTC,6.9
2021,7,15,02:14,UTC,2.8
2021,7,15,02:15,UTC,1.4
2021,7,15,02:16,UTC,1.3
2021,7,15,02:17,UTC,1.4
2021,7,15,02:18,UTC,2.1
2021,7,15,02:19,UTC,5.9
2021,7,15,02:20,UTC,9.8
2021,7,15,02:21,UTC,5.9
2021,7,15,02:22,UTC,3.7
2021,7,15,02:23,UTC,3.5
2021,7,15,02:24,UTC,3.4
2021,7,15,02:25,UTC,6.2
2021,7,15,02:26,UTC,58.3
2021,7,15,02:27,UTC,134.4
2021,7,15,02:28,UTC,162.3
2021,7,15,02:29,UTC,153.7
2021,7,15,02:30,UTC,110.8
2021,7,15,02:31,UTC,89.2
2021,7,15,02:32,UTC,78.5
2021,7,15,02:33,UTC,39.5
2021,7,15,02:34,UTC,71.8
2021,7,15,02:35,UTC,136.4
2021,7,15,02:36,UTC,178.3
2021,7,15,02:37,UTC,209.3
2021,7,15,02:38,UTC,215
2021,7,15,02:39,UTC,217.8
2021,7,15,02:40,UTC,220.3
2021,7,15,02:41,UTC,223.1
2021,7,15,02:42,UTC,227.7
2021,7,15,02:43,UTC,233.2
2021,7,15,02:44,UTC,239.1
2021,7,15,02:45,UTC,245.1
2021,7,15,02:46,UTC,250.3
2021,7,15,02:47,UTC,255.2
2021,7,15,02:48,UTC,259.2
2021,7,15,02:49,UTC,262.9
2021,7,15,02:50,UTC,266
2021,7,15,02:51,UTC,267.9
2021,7,15,02:52,UTC,270.1
2021,7,15,02:53,UTC,272.8
2021,7,15,02:54,UTC,275.4
2021,7,15,02:55,UTC,278.4
2021,7,15,02:56,UTC,281.6
2021,7,15,02:57,UTC,285.1
2021,7,15,02:58,UTC,288.3
2021,7,15,02:59,UTC,291.4
2021,7,15,03:00,UTC,295.2
2021,7,15,03:01,UTC,299.4
2021,7,15,03:02,UTC,303.7
2021,7,15,03:03,UTC,307.3
2021,7,15,03:04,UTC,309.8
2021,7,15,03:05,UTC,311.9
2021,7,15,03:06,UTC,313.7
2021,7,15,03:07,UTC,316.9
2021,7,15,03:08,UTC,320.6
2021,7,15,03:09,UTC,324.6
2021,7,15,03:10,UTC,328.7
2021,7,15,03:11,UTC,333.2
2021,7,15,03:12,UTC,337
2021,7,15,03:13,UTC,340.1
2021,7,15,03:14,UTC,343.1
2021,7,15,03:15,UTC,346.7
2021,7,15,03:16,UTC,350
2021,7,15,03:17,UTC,353.6
2021,7,15,03:18,UTC,358.1
2021,7,15,03:19,UTC,362.2
2021,7,15,03:20,UTC,366.3
2021,7,15,03:21,UTC,370.2
2021,7,15,03:22,UTC,374.2
2021,7,15,03:23,UTC,377.1
2021,7,15,03:24,UTC,380.3
2021,7,15,03:25,UTC,383.4
2021,7,15,03:26,UTC,386.6
2021,7,15,03:27,UTC,389.6
2021,7,15,03:28,UTC,393.2
2021,7,15,03:29,UTC,397.5
2021,7,15,03:30,UTC,400.9
2021,7,15,03:31,UTC,404
2021,7,15,03:32,UTC,407.4
2021,7,15,03:33,UTC,410.8
2021,7,15,03:34,UTC,414.1
2021,7,15,03:35,UTC,417.4
2021,7,15,03:36,UTC,420.1
2021,7,15,03:37,UTC,422.3
2021,7,15,03:38,UTC,424.7
2021,7,15,03:39,UTC,427.4
2021,7,15,03:40,UTC,429
2021,7,15,03:41,UTC,431.1
2021,7,15,03:42,UTC,433.9
2021,7,15,03:43,UTC,436.6
2021,7,15,03:44,UTC,438.9
2021,7,15,03:45,UTC,440.7
2021,7,15,03:46,UTC,441.7
2021,7,15,03:47,UTC,443.4
2021,7,15,03:48,UTC,441.3
2021,7,15,03:49,UTC,441.8
2021,7,15,03:50,UTC,446.5
2021,7,15,03:51,UTC,450.7
2021,7,15,03:52,UTC,455.4
2021,7,15,03:53,UTC,457.4
2021,7,15,03:54,UTC,460
2021,7,15,03:55,UTC,463.1
2021,7,15,03:56,UTC,466.6
2021,7,15,03:57,UTC,470.1
2021,7,15,03:58,UTC,473.3
2021,7,15,03:59,UTC,476.7
2021,7,15,04:00,UTC,480.7
2021,7,15,04:01,UTC,483.5
2021,7,15,04:02,UTC,486.7
2021,7,15,04:03,UTC,489.8
2021,7,15,04:04,UTC,493.8
2021,7,15,04:05,UTC,497.3
2021,7,15,04:06,UTC,500.6
2021,7,15,04:07,UTC,502.6
2021,7,15,04:08,UTC,504.3
2021,7,15,04:09,UTC,506.5
2021,7,15,04:10,UTC,509.3
2021,7,15,04:11,UTC,511.6
2021,7,15,04:12,UTC,513.3
2021,7,15,04:13,UTC,514.9
2021,7,15,04:14,UTC,517.5
2021,7,15,04:15,UTC,519.9
2021,7,15,04:16,UTC,521.6
2021,7,15,04:17,UTC,524.4
2021,7,15,04:18,UTC,527.5
2021,7,15,04:19,UTC,529.4
2021,7,15,04:20,UTC,531.1
2021,7,15,04:21,UTC,532.8
2021,7,15,04:22,UTC,534.8
2021,7,15,04:23,UTC,536
2021,7,15,04:24,UTC,537
2021,7,15,04:25,UTC,538.2
2021,7,15,04:26,UTC,540
2021,7,15,04:27,UTC,541.7
2021,7,15,04:28,UTC,543.8
2021,7,15,04:29,UTC,546
2021,7,15,04:30,UTC,547.1
2021,7,15,04:31,UTC,549.4
2021,7,15,04:32,UTC,551.7
2021,7,15,04:33,UTC,553
2021,7,15,04:34,UTC,555.5
2021,7,15,04:35,UTC,558.3
2021,7,15,04:36,UTC,560.6
2021,7,15,04:37,UTC,563.1
2021,7,15,04:38,UTC,565.1
2021,7,15,04:39,UTC,567.6
2021,7,15,04:40,UTC,569.6
2021,7,15,04:41,UTC,572.1
2021,7,15,04:42,UTC,573.4
2021,7,15,04:43,UTC,573.9
2021,7,15,04:44,UTC,574.7
2021,7,15,04:45,UTC,574.2
2021,7,15,04:46,UTC,574.2
2021,7,15,04:47,UTC,574.7
2021,7,15,04:48,UTC,576.4
2021,7,15,04:49,UTC,578.2
2021,7,15,04:50,UTC,579.5
2021,7,15,04:51,UTC,580.4
2021,7,15,04:52,UTC,581.4
2021,7,15,04:53,UTC,582.1
2021,7,15,04:54,UTC,583
2021,7,15,04:55,UTC,583.7
2021,7,15,04:56,UTC,585.1
2021,7,15,04:57,UTC,586.8
2021,7,15,04:58,UTC,588.7
2021,7,15,04:59,UTC,590
2021,7,15,05:00,UTC,590.7
2021,7,15,05:01,UTC,593.5
2021,7,15,05:02,UTC,596.3
2021,7,15,05:03,UTC,597.1
2021,7,15,05:04,UTC,597.5
2021,7,15,05:05,UTC,597.6
2021,7,15,05:06,UTC,597.3
2021,7,15,05:07,UTC,597.5
2021,7,15,05:08,UTC,598.7
2021,7,15,05:09,UTC,600.6
2021,7,15,05:10,UTC,600.7
2021,7,15,05:11,UTC,601.6
2021,7,15,05:12,UTC,603.1
2021,7,15,05:13,UTC,604
2021,7,15,05:14,UTC,604.8
2021,7,15,05:15,UTC,606.8
2021,7,15,05:16,UTC,608.8
2021,7,15,05:17,UTC,611.8
2021,7,15,05:18,UTC,614.1
2021,7,15,05:19,UTC,616.1
2021,7,15,05:20,UTC,617.2
2021,7,15,05:21,UTC,617.9
2021,7,15,05:22,UTC,619.3
2021,7,15,05:23,UTC,619.7
2021,7,15,05:24,UTC,620
2021,7,15,05:25,UTC,621
2021,7,15,05:26,UTC,622.9
2021,7,15,05:27,UTC,625.4
2021,7,15,05:28,UTC,626.6
2021,7,15,05:29,UTC,627.2
2021,7,15,05:30,UTC,627.5
2021,7,15,05:31,UTC,627.2
2021,7,15,05:32,UTC,628.2
2021,7,15,05:33,UTC,628.8
2021,7,15,05:34,UTC,629.8
2021,7,15,05:35,UTC,631.3
2021,7,15,05:36,UTC,632
2021,7,15,05:37,UTC,631.6
2021,7,15,05:38,UTC,632.5
2021,7,15,05:39,UTC,635.1
2021,7,15,05:40,UTC,636.8
2021,7,15,05:41,UTC,637.4
2021,7,15,05:42,UTC,638.4
2021,7,15,05:43,UTC,639.9
2021,7,15,05:44,UTC,641.7
2021,7,15,05:45,UTC,642.5
2021,7,15,05:46,UTC,643.1
2021,7,15,05:47,UTC,644
2021,7,15,05:48,UTC,644.7
2021,7,15,05:49,UTC,645.3
2021,7,15,05:50,UTC,646.9
2021,7,15,05:51,UTC,648.8
2021,7,15,05:52,UTC,650.2
2021,7,15,05:53,UTC,651
2021,7,15,05:54,UTC,650.5
2021,7,15,05:55,UTC,651
2021,7,15,05:56,UTC,653.3
2021,7,15,05:57,UTC,654.3
2021,7,15,05:58,UTC,654.1
2021,7,15,05:59,UTC,654.7
2021,7,15,06:00,UTC,655.9
2021,7,15,06:01,UTC,657.7
2021,7,15,06:02,UTC,659.6
2021,7,15,06:03,UTC,661.7
2021,7,15,06:04,UTC,665.1
2021,7,15,06:05,UTC,667.3
2021,7,15,06:06,UTC,667.2
2021,7,15,06:07,UTC,667.3
2021,7,15,06:08,UTC,668
2021,7,15,06:09,UTC,670.8
2021,7,15,06:10,UTC,671.9
2021,7,15,06:11,UTC,670.7
2021,7,15,06:12,UTC,672
2021,7,15,06:13,UTC,675.4
2021,7,15,06:14,UTC,676.1
2021,7,15,06:15,UTC,676.1
2021,7,15,06:16,UTC,674.7
2021,7,15,06:17,UTC,674.5
2021,7,15,06:18,UTC,675.4
2021,7,15,06:19,UTC,678.2
2021,7,15,06:20,UTC,681.1
2021,7,15,06:21,UTC,682.8
2021,7,15,06:22,UTC,684.5
2021,7,15,06:23,UTC,686.3
2021,7,15,06:24,UTC,687.1
2021,7,15,06:25,UTC,687.1
2021,7,15,06:26,UTC,689.7
2021,7,15,06:27,UTC,691.9
2021,7,15,06:28,UTC,692.5
2021,7,15,06:29,UTC,691
2021,7,15,06:30,UTC,690.6
2021,7,15,06:31,UTC,692.1
2021,7,15,06:32,UTC,692.9
2021,7,15,06:33,UTC,693.3
2021,7,15,06:34,UTC,692.4
2021,7,15,06:35,UTC,692.7
2021,7,15,06:36,UTC,692.2
2021,7,15,06:37,UTC,689.8
2021,7,15,06:38,UTC,688.8
2021,7,15,06:39,UTC,686.6
2021,7,15,06:40,UTC,686.7
2021,7,15,06:41,UTC,685.9
2021,7,15,06:42,UTC,686.4
2021,7,15,06:43,UTC,687.7
2021,7,15,06:44,UTC,688.2
2021,7,15,06:45,UTC,685.6
2021,7,15,06:46,UTC,685.8
2021,7,15,06:47,UTC,687.9
2021,7,15,06:48,UTC,690.9
2021,7,15,06:49,UTC,657
2021,7,15,06:50,UTC,661.4
2021,7,15,06:51,UTC,663.4
2021,7,15,06:52,UTC,672.3
2021,7,15,06:53,UTC,661.6
2021,7,15,06:54,UTC,615.7
2021,7,15,06:55,UTC,582.8
2021,7,15,06:56,UTC,547.8
2021,7,15,06:57,UTC,583.2
2021,7,15,06:58,UTC,591.6
2021,7,15,06:59,UTC,595.6
2021,7,15,07:00,UTC,637.7
2021,7,15,07:01,UTC,665.8
2021,7,15,07:02,UTC,667.3
2021,7,15,07:03,UTC,662.3
2021,7,15,07:04,UTC,664
2021,7,15,07:05,UTC,669
2021,7,15,07:06,UTC,670.2
2021,7,15,07:07,UTC,679.9
2021,7,15,07:08,UTC,667.3
2021,7,15,07:09,UTC,648.6
2021,7,15,07:10,UTC,643.4
2021,7,15,07:11,UTC,617.7
2021,7,15,07:12,UTC,614.1
2021,7,15,07:13,UTC,609.7
2021,7,15,07:14,UTC,593.1
2021,7,15,07:15,UTC,616.6
2021,7,15,07:16,UTC,654.1
2021,7,15,07:17,UTC,675.5
2021,7,15,07:18,UTC,685.2
2021,7,15,07:19,UTC,673.2
2021,7,15,07:20,UTC,674.2
2021,7,15,07:21,UTC,661.7
2021,7,15,07:22,UTC,666.9
2021,7,15,07:23,UTC,683.7
2021,7,15,07:24,UTC,675.6
2021,7,15,07:25,UTC,673.8
2021,7,15,07:26,UTC,678.8
2021,7,15,07:27,UTC,687.6
2021,7,15,07:28,UTC,697.3
2021,7,15,07:29,UTC,705.2
2021,7,15,07:30,UTC,706
2021,7,15,07:31,UTC,704.6
2021,7,15,07:32,UTC,681.7
2021,7,15,07:33,UTC,701.8
2021,7,15,07:34,UTC,712.6
2021,7,15,07:35,UTC,714.4
2021,7,15,07:36,UTC,715.8
2021,7,15,07:37,UTC,714.2
2021,7,15,07:38,UTC,704.6
2021,7,15,07:39,UTC,694.4
2021,7,15,07:40,UTC,707.5
2021,7,15,07:41,UTC,697.9
2021,7,15,07:42,UTC,606.1
2021,7,15,07:43,UTC,473.6
2021,7,15,07:44,UTC,336.7
2021,7,15,07:45,UTC,404.3
2021,7,15,07:46,UTC,458.5
2021,7,15,07:47,UTC,507
2021,7,15,07:48,UTC,486.5
2021,7,15,07:49,UTC,373.8
2021,7,15,07:50,UTC,351.1
2021,7,15,07:51,UTC,376.8
2021,7,15,07:52,UTC,371.4
2021,7,15,07:53,UTC,461
2021,7,15,07:54,UTC,483.3
2021,7,15,07:55,UTC,569.9
2021,7,15,07:56,UTC,654.7
2021,7,15,07:57,UTC,676.1
2021,7,15,07:58,UTC,666.5
2021,7,15,07:59,UTC,649.5
2021,7,15,08:00,UTC,628.5
2021,7,15,08:01,UTC,505.4
2021,7,15,08:02,UTC,601.5
2021,7,15,08:03,UTC,680.8
2021,7,15,08:04,UTC,700.4
2021,7,15,08:05,UTC,632.8
2021,7,15,08:06,UTC,596.5
2021,7,15,08:07,UTC,663.2
2021,7,15,08:08,UTC,681.8
2021,7,15,08:09,UTC,597.8
2021,7,15,08:10,UTC,546.3
2021,7,15,08:11,UTC,513.7
2021,7,15,08:12,UTC,619.9
2021,7,15,08:13,UTC,615.7
2021,7,15,08:14,UTC,639.2
2021,7,15,08:15,UTC,672.9
2021,7,15,08:16,UTC,662.9
2021,7,15,08:17,UTC,652.5
2021,7,15,08:18,UTC,542
2021,7,15,08:19,UTC,486
2021,7,15,08:20,UTC,398.7
2021,7,15,08:21,UTC,509.8
2021,7,15,08:22,UTC,389.7
2021,7,15,08:23,UTC,527.4
2021,7,15,08:24,UTC,487.8
2021,7,15,08:25,UTC,458.5
2021,7,15,08:26,UTC,437.8
2021,7,15,08:27,UTC,490.5
2021,7,15,08:28,UTC,479.8
2021,7,15,08:29,UTC,492.6
2021,7,15,08:30,UTC,437.2
2021,7,15,08:31,UTC,423.5
2021,7,15,08:32,UTC,413.7
2021,7,15,08:33,UTC,345.7
2021,7,15,08:34,UTC,352.8
2021,7,15,08:35,UTC,322.8
2021,7,15,08:36,UTC,269.8
2021,7,15,08:37,UTC,258.7
2021,7,15,08:38,UTC,414
2021,7,15,08:39,UTC,354.5
2021,7,15,08:40,UTC,315.6
2021,7,15,08:41,UTC,219.4
2021,7,15,08:42,UTC,176.5
2021,7,15,08:43,UTC,171.9
2021,7,15,08:44,UTC,108.3
2021,7,15,08:45,UTC,121.6
2021,7,15,08:46,UTC,156.5
2021,7,15,08:47,UTC,94.5
2021,7,15,08:48,UTC,114.3
2021,7,15,08:49,UTC,136
2021,7,15,08:50,UTC,139.7
2021,7,15,08:51,UTC,174.9
2021,7,15,08:52,UTC,173.2
2021,7,15,08:53,UTC,210.1
2021,7,15,08:54,UTC,363.6
2021,7,15,08:55,UTC,240.6
2021,7,15,08:56,UTC,272.4
2021,7,15,08:57,UTC,232.4
2021,7,15,08:58,UTC,198.2
2021,7,15,08:59,UTC,167.9
2021,7,15,09:00,UTC,171.8
2021,7,15,09:01,UTC,102
2021,7,15,09:02,UTC,74
2021,7,15,09:03,UTC,62.2
2021,7,15,09:04,UTC,35.8
2021,7,15,09:05,UTC,26.2
2021,7,15,09:06,UTC,43.8
2021,7,15,09:07,UTC,65.3
2021,7,15,09:08,UTC,63.1
2021,7,15,09:09,UTC,30
2021,7,15,09:10,UTC,27.3
2021,7,15,09:11,UTC,31.3
2021,7,15,09:12,UTC,38.5
2021,7,15,09:13,UTC,67.1
2021,7,15,09:14,UTC,61.7
2021,7,15,09:15,UTC,14.6
2021,7,15,09:16,UTC,9.9
2021,7,15,09:17,UTC,24.6
2021,7,15,09:18,UTC,51.7
2021,7,15,09:19,UTC,24.6
2021,7,15,09:20,UTC,15.7
2021,7,15,09:21,UTC,8.4
2021,7,15,09:22,UTC,7.7
2021,7,15,09:23,UTC,15.8
2021,7,15,09:24,UTC,28.3
2021,7,15,09:25,UTC,37.3
2021,7,15,09:26,UTC,37.7
2021,7,15,09:27,UTC,43.4
2021,7,15,09:28,UTC,25.8
2021,7,15,09:29,UTC,14.1
2021,7,15,09:30,UTC,7
2021,7,15,09:31,UTC,6.2
2021,7,15,09:32,UTC,9.9
2021,7,15,09:33,UTC,30.7
2021,7,15,09:34,UTC,68.9
2021,7,15,09:35,UTC,71.4
2021,7,15,09:36,UTC,80.4
2021,7,15,09:37,UTC,136.8
2021,7,15,09:38,UTC,173.2
2021,7,15,09:39,UTC,212.7
2021,7,15,09:40,UTC,277.7
2021,7,15,09:41,UTC,437.8
2021,7,15,09:42,UTC,358.5
2021,7,15,09:43,UTC,346
2021,7,15,09:44,UTC,461.8
2021,7,15,09:45,UTC,261.6
2021,7,15,09:46,UTC,201.5
2021,7,15,09:47,UTC,282
2021,7,15,09:48,UTC,173.5
2021,7,15,09:49,UTC,140.3
2021,7,15,09:50,UTC,159.8
2021,7,15,09:51,UTC,217.8
2021,7,15,09:52,UTC,306.9
2021,7,15,09:53,UTC,333.6
2021,7,15,09:54,UTC,212.6
2021,7,15,09:55,UTC,217.8
2021,7,15,09:56,UTC,135.8
2021,7,15,09:57,UTC,98.3
2021,7,15,09:58,UTC,97.2
2021,7,15,09:59,UTC,152.6
2021,7,15,10:00,UTC,184.5
2021,7,15,10:01,UTC,185.1
2021,7,15,10:02,UTC,191.7
2021,7,15,10:03,UTC,188.5
2021,7,15,10:04,UTC,161.4
2021,7,15,10:05,UTC,124
2021,7,15,10:06,UTC,94.2
2021,7,15,10:07,UTC,85.5
2021,7,15,10:08,UTC,111.6
2021,7,15,10:09,UTC,132.2
2021,7,15,10:10,UTC,135.3
2021,7,15,10:11,UTC,126.2
2021,7,15,10:12,UTC,134.7
2021,7,15,10:13,UTC,170.6
2021,7,15,10:14,UTC,216.6
2021,7,15,10:15,UTC,210.4
2021,7,15,10:16,UTC,175.5
2021,7,15,10:17,UTC,156.2
2021,7,15,10:18,UTC,113
2021,7,15,10:19,UTC,167.7
2021,7,15,10:20,UTC,226.8
2021,7,15,10:21,UTC,175.2
2021,7,15,10:22,UTC,30.2
2021,7,15,10:23,UTC,1.4
2021,7,15,10:24,UTC,-1.8
2021,7,15,10:25,UTC,144.5
2021,7,15,10:26,UTC,397.9
2021,7,15,10:27,UTC,368.2
2021,7,15,10:28,UTC,338.6
2021,7,15,10:29,UTC,292.3
2021,7,15,10:30,UTC,296.2
2021,7,15,10:31,UTC,319.8
2021,7,15,10:32,UTC,332
2021,7,15,10:33,UTC,354.2
2021,7,15,10:34,UTC,296.1
2021,7,15,10:35,UTC,190
2021,7,15,10:36,UTC,174.6
2021,7,15,10:37,UTC,288.7
2021,7,15,10:38,UTC,261.1
2021,7,15,10:39,UTC,502.4
2021,7,15,10:40,UTC,441.8
2021,7,15,10:41,UTC,267.9
2021,7,15,10:42,UTC,468.8
2021,7,15,10:43,UTC,319.1
2021,7,15,10:44,UTC,106.3
2021,7,15,10:45,UTC,168
2021,7,15,10:46,UTC,189.4
2021,7,15,10:47,UTC,154.3
2021,7,15,10:48,UTC,149.9
2021,7,15,10:49,UTC,155.9
2021,7,15,10:50,UTC,195.1
2021,7,15,10:51,UTC,300.9
2021,7,15,10:52,UTC,281.3
2021,7,15,10:53,UTC,336
2021,7,15,10:54,UTC,269.7
2021,7,15,10:55,UTC,12.4
2021,7,15,10:56,UTC,6.8
2021,7,15,10:57,UTC,6.5
2021,7,15,10:58,UTC,77.2
2021,7,15,10:59,UTC,485.2
2021,7,15,11:00,UTC,523
2021,7,15,11:01,UTC,477.2
2021,7,15,11:02,UTC,362.2
2021,7,15,11:03,UTC,294.1
2021,7,15,11:04,UTC,350.8
2021,7,15,11:05,UTC,310.4
2021,7,15,11:06,UTC,307.1
2021,7,15,11:07,UTC,224.6
2021,7,15,11:08,UTC,193.7
2021,7,15,11:09,UTC,264.9
2021,7,15,11:10,UTC,130.9
2021,7,15,11:11,UTC,162.2
2021,7,15,11:12,UTC,105.1
2021,7,15,11:13,UTC,116.2
2021,7,15,11:14,UTC,124.7
2021,7,15,11:15,UTC,38.1
2021,7,15,11:16,UTC,149.6
2021,7,15,11:17,UTC,29.4
2021,7,15,11:18,UTC,0.3
2021,7,15,11:19,UTC,-1
2021,7,15,11:20,UTC,-3.3
2021,7,15,11:21,UTC,-6.3
2021,7,15,11:22,UTC,-4.9
2021,7,15,11:23,UTC,-4.9
2021,7,15,11:24,UTC,-4.3
2021,7,15,11:25,UTC,-4.2
2021,7,15,11:26,UTC,-3.8
2021,7,15,11:27,UTC,-3.8
2021,7,15,11:28,UTC,-1.7
2021,7,15,11:29,UTC,69
2021,7,15,11:30,UTC,119
2021,7,15,11:31,UTC,210
2021,7,15,11:32,UTC,347.6
2021,7,15,11:33,UTC,234.3
2021,7,15,11:34,UTC,112.1
2021,7,15,11:35,UTC,82.1
2021,7,15,11:36,UTC,13.5
2021,7,15,11:37,UTC,6.2
2021,7,15,11:38,UTC,7.4
2021,7,15,11:39,UTC,14.5
2021,7,15,11:40,UTC,288.8
2021,7,15,11:41,UTC,683.9
2021,7,15,11:42,UTC,686.2
2021,7,15,11:43,UTC,700.8
2021,7,15,11:44,UTC,704
2021,7,15,11:45,UTC,703.9
2021,7,15,11:46,UTC,700
2021,7,15,11:47,UTC,235
2021,7,15,11:48,UTC,90.7
2021,7,15,11:49,UTC,8.4
2021,7,15,11:50,UTC,0.8
2021,7,15,11:51,UTC,56.4
2021,7,15,11:52,UTC,647.9
2021,7,15,11:53,UTC,695.2
2021,7,15,11:54,UTC,699.1
2021,7,15,11:55,UTC,702.3
2021,7,15,11:56,UTC,706.4
2021,7,15,11:57,UTC,703
2021,7,15,11:58,UTC,219
2021,7,15,11:59,UTC,17.3
2021,7,15,12:00,UTC,6.6
2021,7,15,12:01,UTC,43
2021,7,15,12:02,UTC,398.5
2021,7,15,12:03,UTC,701.4
2021,7,15,12:04,UTC,681.2
2021,7,15,12:05,UTC,447.3
2021,7,15,12:06,UTC,656.6
2021,7,15,12:07,UTC,687.7
2021,7,15,12:08,UTC,498.2
2021,7,15,12:09,UTC,301.4
2021,7,15,12:10,UTC,168.3
2021,7,15,12:11,UTC,611.4
2021,7,15,12:12,UTC,696.6
2021,7,15,12:13,UTC,708.3
2021,7,15,12:14,UTC,715
2021,7,15,12:15,UTC,714
2021,7,15,12:16,UTC,707.5
2021,7,15,12:17,UTC,707.5
2021,7,15,12:18,UTC,620.3
2021,7,15,12:19,UTC,562
2021,7,15,12:20,UTC,646
2021,7,15,12:21,UTC,481.3
2021,7,15,12:22,UTC,304.4
2021,7,15,12:23,UTC,11.5
2021,7,15,12:24,UTC,20.3
2021,7,15,12:25,UTC,524.1
2021,7,15,12:26,UTC,701.4
2021,7,15,12:27,UTC,705.2
2021,7,15,12:28,UTC,483
2021,7,15,12:29,UTC,227.5
2021,7,15,12:30,UTC,205.5
2021,7,15,12:31,UTC,219.9
2021,7,15,12:32,UTC,259.4
2021,7,15,12:33,UTC,17.4
2021,7,15,12:34,UTC,19
2021,7,15,12:35,UTC,80.4
2021,7,15,12:36,UTC,339.1
2021,7,15,12:37,UTC,521.8
2021,7,15,12:38,UTC,704.5
2021,7,15,12:39,UTC,712.1
2021,7,15,12:40,UTC,706.7
2021,7,15,12:41,UTC,705.5
2021,7,15,12:42,UTC,392
2021,7,15,12:43,UTC,9.5
2021,7,15,12:44,UTC,88.4
2021,7,15,12:45,UTC,212.1
2021,7,15,12:46,UTC,1.7
2021,7,15,12:47,UTC,3.4
2021,7,15,12:48,UTC,587.4
2021,7,15,12:49,UTC,691.9
2021,7,15,12:50,UTC,454.7
2021,7,15,12:51,UTC,257.6
2021,7,15,12:52,UTC,113.1
2021,7,15,12:53,UTC,7.6
2021,7,15,12:54,UTC,13.2
2021,7,15,12:55,UTC,27.3
2021,7,15,12:56,UTC,0.3
2021,7,15,12:57,UTC,-1.9
2021,7,15,12:58,UTC,-3.2
2021,7,15,12:59,UTC,-1.3
2021,7,15,13:00,UTC,407.5
2021,7,15,13:01,UTC,681.2
2021,7,15,13:02,UTC,624.3
2021,7,15,13:03,UTC,11.4
2021,7,15,13:04,UTC,143.2
2021,7,15,13:05,UTC,668.9
2021,7,15,13:06,UTC,692.8
2021,7,15,13:07,UTC,701
2021,7,15,13:08,UTC,705.3
2021,7,15,13:09,UTC,705.2
2021,7,15,13:10,UTC,700.5
2021,7,15,13:11,UTC,671.8
2021,7,15,13:12,UTC,587.8
2021,7,15,13:13,UTC,374.8
2021,7,15,13:14,UTC,673
2021,7,15,13:15,UTC,637.5
2021,7,15,13:16,UTC,241
2021,7,15,13:17,UTC,520.3
2021,7,15,13:18,UTC,530.5
2021,7,15,13:19,UTC,336.9
2021,7,15,13:20,UTC,329.3
2021,7,15,13:21,UTC,121.1
2021,7,15,13:22,UTC,99.6
2021,7,15,13:23,UTC,176.6
2021,7,15,13:24,UTC,138.1
2021,7,15,13:25,UTC,55.1
2021,7,15,13:26,UTC,28.9
2021,7,15,13:27,UTC,28.7
2021,7,15,13:28,UTC,39.4
2021,7,15,13:29,UTC,90.2
2021,7,15,13:30,UTC,43.8
2021,7,15,13:31,UTC,21.7
2021,7,15,13:32,UTC,60.6
2021,7,15,13:33,UTC,42.8
2021,7,15,13:34,UTC,41.9
2021,7,15,13:35,UTC,48.2
2021,7,15,13:36,UTC,31
2021,7,15,13:37,UTC,85.2
2021,7,15,13:38,UTC,218.8
2021,7,15,13:39,UTC,214.2
2021,7,15,13:40,UTC,329.8
2021,7,15,13:41,UTC,444.1
2021,7,15,13:42,UTC,368.5
2021,7,15,13:43,UTC,312.6
2021,7,15,13:44,UTC,646.1
2021,7,15,13:45,UTC,692.1
2021,7,15,13:46,UTC,697.8
2021,7,15,13:47,UTC,704.8
2021,7,15,13:48,UTC,705.4
2021,7,15,13:49,UTC,703.7
2021,7,15,13:50,UTC,702.1
2021,7,15,13:51,UTC,703
2021,7,15,13:52,UTC,701.8
2021,7,15,13:53,UTC,700.9
2021,7,15,13:54,UTC,704.2
2021,7,15,13:55,UTC,704.8
2021,7,15,13:56,UTC,699.7
2021,7,15,13:57,UTC,692.9
2021,7,15,13:58,UTC,685.7
2021,7,15,13:59,UTC,658.7
2021,7,15,14:00,UTC,674
2021,7,15,14:01,UTC,678.2
2021,7,15,14:02,UTC,678.2
2021,7,15,14:03,UTC,677.1
2021,7,15,14:04,UTC,676
2021,7,15,14:05,UTC,674.7
2021,7,15,14:06,UTC,676.9
2021,7,15,14:07,UTC,676.6
2021,7,15,14:08,UTC,678.7
2021,7,15,14:09,UTC,677.4
2021,7,15,14:10,UTC,678.3
2021,7,15,14:11,UTC,676.6
2021,7,15,14:12,UTC,677.8
2021,7,15,14:13,UTC,678.1
2021,7,15,14:14,UTC,677.4
2021,7,15,14:15,UTC,676.6
2021,7,15,14:16,UTC,677.7
2021,7,15,14:17,UTC,677.6
2021,7,15,14:18,UTC,673.7
2021,7,15,14:19,UTC,670.8
2021,7,15,14:20,UTC,668.5
2021,7,15,14:21,UTC,667.2
2021,7,15,14:22,UTC,665.5
2021,7,15,14:23,UTC,663.7
2021,7,15,14:24,UTC,660.5
2021,7,15,14:25,UTC,657.3
2021,7,15,14:26,UTC,649.3
2021,7,15,14:27,UTC,644.1
2021,7,15,14:28,UTC,649.4
2021,7,15,14:29,UTC,656.2
2021,7,15,14:30,UTC,657.6
2021,7,15,14:31,UTC,660
2021,7,15,14:32,UTC,660.7
2021,7,15,14:33,UTC,659.3
2021,7,15,14:34,UTC,656.8
2021,7,15,14:35,UTC,656.8
2021,7,15,14:36,UTC,659
2021,7,15,14:37,UTC,654.4
2021,7,15,14:38,UTC,650.2
2021,7,15,14:39,UTC,648.7
2021,7,15,14:40,UTC,651.6
2021,7,15,14:41,UTC,647.5
2021,7,15,14:42,UTC,643.4
2021,7,15,14:43,UTC,641
2021,7,15,14:44,UTC,642.3
2021,7,15,14:45,UTC,643.5
2021,7,15,14:46,UTC,642.2
2021,7,15,14:47,UTC,647.4
2021,7,15,14:48,UTC,647.8
2021,7,15,14:49,UTC,649.1
2021,7,15,14:50,UTC,648.4
2021,7,15,14:51,UTC,643.7
2021,7,15,14:52,UTC,641.1
2021,7,15,14:53,UTC,643.1
2021,7,15,14:54,UTC,638.8
2021,7,15,14:55,UTC,634.2
2021,7,15,14:56,UTC,630.9
2021,7,15,14:57,UTC,629.9
2021,7,15,14:58,UTC,638.8
2021,7,15,14:59,UTC,638.7
2021,7,15,15:00,UTC,627.4
2021,7,15,15:01,UTC,620.8
2021,7,15,15:02,UTC,614.7
2021,7,15,15:03,UTC,609.3
2021,7,15,15:04,UTC,606.2
2021,7,15,15:05,UTC,605.3
2021,7,15,15:06,UTC,606.4
2021,7,15,15:07,UTC,608.9
2021,7,15,15:08,UTC,609.1
2021,7,15,15:09,UTC,608.6
2021,7,15,15:10,UTC,606.1
2021,7,15,15:11,UTC,605
2021,7,15,15:12,UTC,605.4
2021,7,15,15:13,UTC,602.3
2021,7,15,15:14,UTC,600.9
2021,7,15,15:15,UTC,599.6
2021,7,15,15:16,UTC,597.8
2021,7,15,15:17,UTC,596.3
2021,7,15,15:18,UTC,596
2021,7,15,15:19,UTC,598.2
2021,7,15,15:20,UTC,601.7
2021,7,15,15:21,UTC,604
2021,7,15,15:22,UTC,598.5
2021,7,15,15:23,UTC,595.1
2021,7,15,15:24,UTC,590.5
2021,7,15,15:25,UTC,588
2021,7,15,15:26,UTC,590.4
2021,7,15,15:27,UTC,592.1
2021,7,15,15:28,UTC,588
2021,7,15,15:29,UTC,588.6
2021,7,15,15:30,UTC,588.8
2021,7,15,15:31,UTC,586.7
2021,7,15,15:32,UTC,581.6
2021,7,15,15:33,UTC,581.6
2021,7,15,15:34,UTC,584.3
2021,7,15,15:35,UTC,585.3
2021,7,15,15:36,UTC,584.4
2021,7,15,15:37,UTC,586.3
2021,7,15,15:38,UTC,585.7
2021,7,15,15:39,UTC,581.4
2021,7,15,15:40,UTC,578.1
2021,7,15,15:41,UTC,573.8
2021,7,15,15:42,UTC,568.3
2021,7,15,15:43,UTC,566.6
2021,7,15,15:44,UTC,563.3
2021,7,15,15:45,UTC,562.8
2021,7,15,15:46,UTC,566.2
2021,7,15,15:47,UTC,405.9
2021,7,15,15:48,UTC,482.3
2021,7,15,15:49,UTC,403.2
2021,7,15,15:50,UTC,7.9
2021,7,15,15:51,UTC,3
2021,7,15,15:52,UTC,3.8
2021,7,15,15:53,UTC,434.1
2021,7,15,15:54,UTC,526.1
2021,7,15,15:55,UTC,528.7
2021,7,15,15:56,UTC,536.5
2021,7,15,15:57,UTC,538.5
2021,7,15,15:58,UTC,538.6
2021,7,15,15:59,UTC,529.2
2021,7,15,16:00,UTC,526.3
2021,7,15,16:01,UTC,522.8
2021,7,15,16:02,UTC,518.9
2021,7,15,16:03,UTC,519.6
2021,7,15,16:04,UTC,522.4
2021,7,15,16:05,UTC,523
2021,7,15,16:06,UTC,522.5
2021,7,15,16:07,UTC,514
2021,7,15,16:08,UTC,509.9
2021,7,15,16:09,UTC,509.5
2021,7,15,16:10,UTC,511.5
2021,7,15,16:11,UTC,520.3
2021,7,15,16:12,UTC,522.1
2021,7,15,16:13,UTC,518.5
2021,7,15,16:14,UTC,518.7
2021,7,15,16:15,UTC,518.6
2021,7,15,16:16,UTC,509.8
2021,7,15,16:17,UTC,501.7
2021,7,15,16:18,UTC,502.2
2021,7,15,16:19,UTC,500.4
2021,7,15,16:20,UTC,494
2021,7,15,16:21,UTC,493.8
2021,7,15,16:22,UTC,493.1
2021,7,15,16:23,UTC,489.5
2021,7,15,16:24,UTC,482.9
2021,7,15,16:25,UTC,481
2021,7,15,16:26,UTC,477.9
2021,7,15,16:27,UTC,474
2021,7,15,16:28,UTC,473.5
2021,7,15,16:29,UTC,471.9
2021,7,15,16:30,UTC,463.5
2021,7,15,16:31,UTC,456.8
2021,7,15,16:32,UTC,449.4
2021,7,15,16:33,UTC,451.4
2021,7,15,16:34,UTC,454.9
2021,7,15,16:35,UTC,453.7
2021,7,15,16:36,UTC,450.3
2021,7,15,16:37,UTC,449.6
2021,7,15,16:38,UTC,450.9
2021,7,15,16:39,UTC,447
2021,7,15,16:40,UTC,442.4
2021,7,15,16:41,UTC,439.3
2021,7,15,16:42,UTC,438.6
2021,7,15,16:43,UTC,439.2
2021,7,15,16:44,UTC,441.2
2021,7,15,16:45,UTC,441.4
2021,7,15,16:46,UTC,442.9
2021,7,15,16:47,UTC,443.5
2021,7,15,16:48,UTC,442.8
2021,7,15,16:49,UTC,439.1
2021,7,15,16:50,UTC,438.6
2021,7,15,16:51,UTC,440.1
2021,7,15,16:52,UTC,438.2
2021,7,15,16:53,UTC,434.9
2021,7,15,16:54,UTC,430.7
2021,7,15,16:55,UTC,425.6
2021,7,15,16:56,UTC,425.3
2021,7,15,16:57,UTC,422.3
2021,7,15,16:58,UTC,420.9
2021,7,15,16:59,UTC,407.6
2021,7,15,17:00,UTC,407.6
2021,7,15,17:01,UTC,408.8
2021,7,15,17:02,UTC,407.4
2021,7,15,17:03,UTC,404.9
2021,7,15,17:04,UTC,403.4
2021,7,15,17:05,UTC,404.2
2021,7,15,17:06,UTC,404
2021,7,15,17:07,UTC,402.4
2021,7,15,17:08,UTC,397.2
2021,7,15,17:09,UTC,393.7
2021,7,15,17:10,UTC,395.9
2021,7,15,17:11,UTC,396.7
2021,7,15,17:12,UTC,400.1
2021,7,15,17:13,UTC,397.1
2021,7,15,17:14,UTC,391.9
2021,7,15,17:15,UTC,388.1
2021,7,15,17:16,UTC,387.9
2021,7,15,17:17,UTC,391.2
2021,7,15,17:18,UTC,390.7
2021,7,15,17:19,UTC,385.3
2021,7,15,17:20,UTC,386
2021,7,15,17:21,UTC,392
2021,7,15,17:22,UTC,394.1
2021,7,15,17:23,UTC,390.2
2021,7,15,17:24,UTC,386.7
2021,7,15,17:25,UTC,384.8
2021,7,15,17:26,UTC,385.2
2021,7,15,17:27,UTC,385.3
2021,7,15,17:28,UTC,382.9
2021,7,15,17:29,UTC,382.3
2021,7,15,17:30,UTC,379.9
2021,7,15,17:31,UTC,381.4
2021,7,15,17:32,UTC,379.2
2021,7,15,17:33,UTC,374.7
2021,7,15,17:34,UTC,371.7
2021,7,15,17:35,UTC,368.8
2021,7,15,17:36,UTC,366
2021,7,15,17:37,UTC,365
2021,7,15,17:38,UTC,362.6
2021,7,15,17:39,UTC,359.3
2021,7,15,17:40,UTC,359.4
2021,7,15,17:41,UTC,359.3
2021,7,15,17:42,UTC,354.8
2021,7,15,17:43,UTC,350.2
2021,7,15,17:44,UTC,346.3
2021,7,15,17:45,UTC,344.5
2021,7,15,17:46,UTC,345.3
2021,7,15,17:47,UTC,342.3
2021,7,15,17:48,UTC,339.2
2021,7,15,17:49,UTC,335.7
2021,7,15,17:50,UTC,333.3
2021,7,15,17:51,UTC,329.2
2021,7,15,17:52,UTC,324.3
2021,7,15,17:53,UTC,318.4
2021,7,15,17:54,UTC,312.7
2021,7,15,17:55,UTC,310.8
2021,7,15,17:56,UTC,307.5
2021,7,15,17:57,UTC,305.2
2021,7,15,17:58,UTC,302.7
2021,7,15,17:59,UTC,298.6
2021,7,15,18:00,UTC,291.9
2021,7,15,18:01,UTC,285.3
2021,7,15,18:02,UTC,281
2021,7,15,18:03,UTC,271.4
2021,7,15,18:04,UTC,262.6
2021,7,15,18:05,UTC,256.9
2021,7,15,18:06,UTC,251.6
2021,7,15,18:07,UTC,244.7
2021,7,15,18:08,UTC,237.8
2021,7,15,18:09,UTC,232.6
2021,7,15,18:10,UTC,229.1
2021,7,15,18:11,UTC,227
2021,7,15,18:12,UTC,225.2
2021,7,15,18:13,UTC,222.3
2021,7,15,18:14,UTC,218.5
2021,7,15,18:15,UTC,215.2
2021,7,15,18:16,UTC,213.8
2021,7,15,18:17,UTC,211.5
2021,7,15,18:18,UTC,207.4
2021,7,15,18:19,UTC,202.7
2021,7,15,18:20,UTC,199.4
2021,7,15,18:21,UTC,198.7
2021,7,15,18:22,UTC,196.4
2021,7,15,18:23,UTC,194.1
2021,7,15,18:24,UTC,192.6
2021,7,15,18:25,UTC,190.2
2021,7,15,18:26,UTC,186.9
2021,7,15,18:27,UTC,183.3
2021,7,15,18:28,UTC,180.2
2021,7,15,18:29,UTC,177
2021,7,15,18:30,UTC,174.3
2021,7,15,18:31,UTC,170.6
2021,7,15,18:32,UTC,166.9
2021,7,15,18:33,UTC,162.9
2021,7,15,18:34,UTC,159.6
2021,7,15,18:35,UTC,155.8
2021,7,15,18:36,UTC,152
2021,7,15,18:37,UTC,148
2021,7,15,18:38,UTC,145
2021,7,15,18:39,UTC,140.6
2021,7,15,18:40,UTC,136.1
2021,7,15,18:41,UTC,132.1
2021,7,15,18:42,UTC,128.5
2021,7,15,18:43,UTC,123.8
2021,7,15,18:44,UTC,118.4
2021,7,15,18:45,UTC,113.9
2021,7,15,18:46,UTC,110.4
2021,7,15,18:47,UTC,106.4
2021,7,15,18:48,UTC,103.4
2021,7,15,18:49,UTC,100.7
2021,7,15,18:50,UTC,97.8
2021,7,15,18:51,UTC,94.2
2021,7,15,18:52,UTC,90.7
2021,7,15,18:53,UTC,87
2021,7,15,18:54,UTC,84.3
2021,7,15,18:55,UTC,82.1
2021,7,15,18:56,UTC,80.3
2021,7,15,18:57,UTC,77.4
2021,7,15,18:58,UTC,73.8
2021,7,15,18:59,UTC,70.2
2021,7,15,19:00,UTC,66.4
2021,7,15,19:01,UTC,62.5
2021,7,15,19:02,UTC,59.3
2021,7,15,19:03,UTC,56.3
2021,7,15,19:04,UTC,50.7
2021,7,15,19:05,UTC,45.1
2021,7,15,19:06,UTC,37.5
2021,7,15,19:07,UTC,35.3
2021,7,15,19:08,UTC,29
2021,7,15,19:09,UTC,17.6
2021,7,15,19:10,UTC,9.1
2021,7,15,19:11,UTC,2.8
2021,7,15,19:12,UTC,-0.8
2021,7,15,19:13,UTC,0.2
2021,7,15,19:14,UTC,2.3
2021,7,15,19:15,UTC,7.7
2021,7,15,19:16,UTC,15.4
2021,7,15,19:17,UTC,18.4
2021,7,15,19:18,UTC,15.6
2021,7,15,19:19,UTC,13.8
2021,7,15,19:20,UTC,13.1
2021,7,15,19:21,UTC,12.6
2021,7,15,19:22,UTC,12.8
2021,7,15,19:23,UTC,13.2
2021,7,15,19:24,UTC,12.1
2021,7,15,19:25,UTC,11.2
2021,7,15,19:26,UTC,9.7
2021,7,15,19:27,UTC,7
2021,7,15,19:28,UTC,3
2021,7,15,19:29,UTC,0.3
2021,7,15,19:30,UTC,-1.2
2021,7,15,19:31,UTC,-1.8
2021,7,15,19:32,UTC,-1.4
2021,7,15,19:33,UTC,-1.1
2021,7,15,19:34,UTC,-1.1
2021,7,15,19:35,UTC,-0.9
2021,7,15,19:36,UTC,-0.8
2021,7,15,19:37,UTC,-0.8
2021,7,15,19:38,UTC,-1.1
2021,7,15,19:39,UTC,-1.1
2021,7,15,19:40,UTC,-1.1
2021,7,15,19:41,UTC,-0.9
2021,7,15,19:42,UTC,-0.9
2021,7,15,19:43,UTC,-0.9
2021,7,15,19:44,UTC,-1.2
2021,7,15,19:45,UTC,-1.2
2021,7,15,19:46,UTC,-1.2
2021,7,15,19:47,UTC,-1.1
2021,7,15,19:48,UTC,-1
2021,7,15,19:49,UTC,-0.8
2021,7,15,19:50,UTC,-0.8
2021,7,15,19:51,UTC,-0.6
2021,7,15,19:52,UTC,-0.5
2021,7,15,19:53,UTC,-1.1
2021,7,15,19:54,UTC,-1.4
2021,7,15,19:55,UTC,-1.5
2021,7,15,19:56,UTC,-1.6
2021,7,15,19:57,UTC,-1.4
2021,7,15,19:58,UTC,-1.2
2021,7,15,19:59,UTC,-1.9
2021,7,15,20:00,UTC,-3
2021,7,15,20:01,UTC,-3.4
2021,7,15,20:02,UTC,-3.8
2021,7,15,20:03,UTC,-4.3
2021,7,15,20:04,UTC,-4.8
2021,7,15,20:05,UTC,-5.2
2021,7,15,20:06,UTC,-4.9
2021,7,15,20:07,UTC,-4.6
2021,7,15,20:08,UTC,-4.3
2021,7,15,20:09,UTC,-3.3
2021,7,15,20:10,UTC,-3.1
2021,7,15,20:11,UTC,-3.1
2021,7,15,20:12,UTC,-3.2
2021,7,15,20:13,UTC,-3.1
2021,7,15,20:14,UTC,-2.9
2021,7,15,20:15,UTC,-2.6
2021,7,15,20:16,UTC,-2.4
2021,7,15,20:17,UTC,-2.1
2021,7,15,20:18,UTC,-2.1
2021,7,15,20:19,UTC,-1.9
2021,7,15,20:20,UTC,-1.7
2021,7,15,20:21,UTC,-1.8
2021,7,15,20:22,UTC,-2
2021,7,15,20:23,UTC,-1.6
2021,7,15,20:24,UTC,-1.8
2021,7,15,20:25,UTC,-2
2021,7,15,20:26,UTC,-2.1
2021,7,15,20:27,UTC,-1.6
2021,7,15,20:28,UTC,-1.7
2021,7,15,20:29,UTC,-1.3
2021,7,15,20:30,UTC,-1.5
2021,7,15,20:31,UTC,-1.6
2021,7,15,20:32,UTC,-1.7
2021,7,15,20:33,UTC,-1.6
2021,7,15,20:34,UTC,-1.7
2021,7,15,20:35,UTC,-1.6
2021,7,15,20:36,UTC,-1.5
2021,7,15,20:37,UTC,-1.4
2021,7,15,20:38,UTC,-1.3
2021,7,15,20:39,UTC,-1.3
2021,7,15,20:40,UTC,-1
2021,7,15,20:41,UTC,-1.5
2021,7,15,20:42,UTC,-2.3
2021,7,15,20:43,UTC,-3.1
2021,7,15,20:44,UTC,-3.5
2021,7,15,20:45,UTC,-3.5
2021,7,15,20:46,UTC,-3.2
2021,7,15,20:47,UTC,-3.5
2021,7,15,20:48,UTC,-3.6
2021,7,15,20:49,UTC,-3.7
2021,7,15,20:50,UTC,-4.2
2021,7,15,20:51,UTC,-4.6
2021,7,15,20:52,UTC,-4
2021,7,15,20:53,UTC,-2.4
2021,7,15,20:54,UTC,-2.4
2021,7,15,20:55,UTC,-2.1
2021,7,15,20:56,UTC,-2.3
2021,7,15,20:57,UTC,-2.6
2021,7,15,20:58,UTC,-2.1
2021,7,15,20:59,UTC,-2
2021,7,15,21:00,UTC,-2.7
2021,7,15,21:01,UTC,-2.8
2021,7,15,21:02,UTC,-2.6
2021,7,15,21:03,UTC,-2.9
2021,7,15,21:04,UTC,-2.3
2021,7,15,21:05,UTC,-1.5
2021,7,15,21:06,UTC,-0.8
2021,7,15,21:07,UTC,-1.3
2021,7,15,21:08,UTC,-1.8
2021,7,15,21:09,UTC,-2.2
2021,7,15,21:10,UTC,-2.1
2021,7,15,21:11,UTC,-2
2021,7,15,21:12,UTC,-2.1
2021,7,15,21:13,UTC,-2.3
2021,7,15,21:14,UTC,-2.1
2021,7,15,21:15,UTC,-1.9
2021,7,15,21:16,UTC,-1.8
2021,7,15,21:17,UTC,-1.5
2021,7,15,21:18,UTC,-1.4
2021,7,15,21:19,UTC,-1.4
2021,7,15,21:20,UTC,-1.7
2021,7,15,21:21,UTC,-1.5
2021,7,15,21:22,UTC,-1.3
2021,7,15,21:23,UTC,-1.3
2021,7,15,21:24,UTC,-0.9
2021,7,15,21:25,UTC,-1.1
2021,7,15,21:26,UTC,-0.7
2021,7,15,21:27,UTC,-0.8
2021,7,15,21:28,UTC,-0.8
2021,7,15,21:29,UTC,-1
2021,7,15,21:30,UTC,-1.5
2021,7,15,21:31,UTC,-1.5
2021,7,15,21:32,UTC,-1.6
2021,7,15,21:33,UTC,-1.3
2021,7,15,21:34,UTC,-1.4
2021,7,15,21:35,UTC,-1.6
2021,7,15,21:36,UTC,-2
2021,7,15,21:37,UTC,-2
2021,7,15,21:38,UTC,-1.8
2021,7,15,21:39,UTC,-2.3
2021,7,15,21:40,UTC,-2.7
2021,7,15,21:41,UTC,-3.1
2021,7,15,21:42,UTC,-3.5
2021,7,15,21:43,UTC,-3.8
2021,7,15,21:44,UTC,-3.2
2021,7,15,21:45,UTC,-2.2
2021,7,15,21:46,UTC,-1.1
2021,7,15,21:47,UTC,-0.3
2021,7,15,21:48,UTC,0.6
2021,7,15,21:49,UTC,0.8
2021,7,15,21:50,UTC,0.6
2021,7,15,21:51,UTC,0.6
2021,7,15,21:52,UTC,0.1
2021,7,15,21:53,UTC,0.5
2021,7,15,21:54,UTC,0.3
2021,7,15,21:55,UTC,-0.5
2021,7,15,21:56,UTC,-1.2
2021,7,15,21:57,UTC,-0.8
2021,7,15,21:58,UTC,-0.5
2021,7,15,21:59,UTC,-1.2
2021,7,15,22:00,UTC,-1.9
2021,7,15,22:01,UTC,-2.1
2021,7,15,22:02,UTC,-2
2021,7,15,22:03,UTC,-2
2021,7,15,22:04,UTC,-2.1
2021,7,15,22:05,UTC,-2
2021,7,15,22:06,UTC,-1.6
2021,7,15,22:07,UTC,-0.9
2021,7,15,22:08,UTC,-0.7
2021,7,15,22:09,UTC,-0.8
2021,7,15,22:10,UTC,-0.7
2021,7,15,22:11,UTC,-0.8
2021,7,15,22:12,UTC,-0.8
2021,7,15,22:13,UTC,-0.4
2021,7,15,22:14,UTC,-0.6
2021,7,15,22:15,UTC,-0.9
2021,7,15,22:16,UTC,-0.9
2021,7,15,22:17,UTC,-0.9
2021,7,15,22:18,UTC,-0.6
2021,7,15,22:19,UTC,-0.2
2021,7,15,22:20,UTC,0
2021,7,15,22:21,UTC,-0.2
2021,7,15,22:22,UTC,0
2021,7,15,22:23,UTC,0
2021,7,15,22:24,UTC,-0.2
2021,7,15,22:25,UTC,-0.4
2021,7,15,22:26,UTC,-0.8
2021,7,15,22:27,UTC,-0.8
2021,7,15,22:28,UTC,-0.6
2021,7,15,22:29,UTC,-0.5
2021,7,15,22:30,UTC,-0.6
2021,7,15,22:31,UTC,-0.6
2021,7,15,22:32,UTC,-0.7
2021,7,15,22:33,UTC,-0.9
2021,7,15,22:34,UTC,-0.9
2021,7,15,22:35,UTC,-0.7
2021,7,15,22:36,UTC,-0.8
2021,7,15,22:37,UTC,-0.8
2021,7,15,22:38,UTC,-0.9
2021,7,15,22:39,UTC,-0.8
2021,7,15,22:40,UTC,-0.6
2021,7,15,22:41,UTC,-0.5
2021,7,15,22:42,UTC,-0.4
2021,7,15,22:43,UTC,-0.6
2021,7,15,22:44,UTC,-0.6
2021,7,15,22:45,UTC,-1
2021,7,15,22:46,UTC,-1
2021,7,15,22:47,UTC,-0.9
2021,7,15,22:48,UTC,-0.9
2021,7,15,22:49,UTC,-0.8
2021,7,15,22:50,UTC,-0.6
2021,7,15,22:51,UTC,-0.4
2021,7,15,22:52,UTC,-0.5
2021,7,15,22:53,UTC,-0.5
2021,7,15,22:54,UTC,-0.3
2021,7,15,22:55,UTC,-0.2
2021,7,15,22:56,UTC,-0.3
2021,7,15,22:57,UTC,-0.2
2021,7,15,22:58,UTC,0.1
2021,7,15,22:59,UTC,-0.1
2021,7,15,23:00,UTC,-0.2
2021,7,15,23:01,UTC,-0.5
2021,7,15,23:02,UTC,-0.6
2021,7,15,23:03,UTC,-1.1
2021,7,15,23:04,UTC,-1.1
2021,7,15,23:05,UTC,-1.2
2021,7,15,23:06,UTC,-1.3
2021,7,15,23:07,UTC,-1.3
2021,7,15,23:08,UTC,-1.7
2021,7,15,23:09,UTC,-1.7
2021,7,15,23:10,UTC,-1.6
2021,7,15,23:11,UTC,-1.8
2021,7,15,23:12,UTC,-1.5
2021,7,15,23:13,UTC,-1.4
2021,7,15,23:14,UTC,-0.7
2021,7,15,23:15,UTC,-0.2
2021,7,15,23:16,UTC,-0.3
2021,7,15,23:17,UTC,-0.4
2021,7,15,23:18,UTC,-0.3
2021,7,15,23:19,UTC,-0.8
2021,7,15,23:20,UTC,-0.9
2021,7,15,23:21,UTC,-1.1
2021,7,15,23:22,UTC,-1.3
2021,7,15,23:23,UTC,-0.7
2021,7,15,23:24,UTC,-0.3
2021,7,15,23:25,UTC,-0.5
2021,7,15,23:26,UTC,-0.4
2021,7,15,23:27,UTC,0.1
2021,7,15,23:28,UTC,0
2021,7,15,23:29,UTC,0.1
2021,7,15,23:30,UTC,-0.5
2021,7,15,23:31,UTC,-0.4
2021,7,15,23:32,UTC,-0.5
2021,7,15,23:33,UTC,-0.2
2021,7,15,23:34,UTC,-0.2
2021,7,15,23:35,UTC,-0.4
2021,7,15,23:36,UTC,-0.3
2021,7,15,23:37,UTC,-0.6
2021,7,15,23:38,UTC,-0.5
2021,7,15,23:39,UTC,-0.3
2021,7,15,23:40,UTC,0.3
2021,7,15,23:41,UTC,0.9
2021,7,15,23:42,UTC,0.8
2021,7,15,23:43,UTC,0.7
2021,7,15,23:44,UTC,0.7
2021,7,15,23:45,UTC,0.8
2021,7,15,23:46,UTC,0.8
2021,7,15,23:47,UTC,0.8
2021,7,15,23:48,UTC,0.8
2021,7,15,23:49,UTC,0.8
2021,7,15,23:50,UTC,0.7
2021,7,15,23:51,UTC,1
2021,7,15,23:52,UTC,1.3
2021,7,15,23:53,UTC,0.8
2021,7,15,23:54,UTC,0.6
2021,7,15,23:55,UTC,0.3
2021,7,15,23:56,UTC,0.3
2021,7,15,23:57,UTC,0.3
2021,7,15,23:58,UTC,0.4
2021,7,15,23:59,UTC,0.5
2021,7,16,00:00,UTC,0.5